year,gender,final_rank,skater,nation,total_tss,sp_rank,fs_rank,tss_sp,tes_sp,pcs_sp,tss_fs,tes_fs,pcs_fs,tes_total,pcs_total,tech_dominance,medal
2026,M,1,SHAIDOROV Mikhail,KAZ,291.58,5,1,92.94,52.45,40.49,198.64,114.68,83.96,167.13,124.45,57.32%,1
2026,M,2,KAGIYAMA Yuma,JPN,280.06,2,6,103.07,56.5,46.57,176.99,92.15,85.84,148.65,132.41,52.89%,2
2026,M,3,SATO Shun,JPN,274.9,9,3,88.7,46.77,41.93,186.2,101.85,84.35,148.62,126.28,54.06%,3
2026,M,4,CHA Junhwan,KOR,273.92,6,5,92.72,50.08,42.64,181.2,95.16,87.04,145.24,129.68,52.83%,0
2026,M,5,GOGOLEV Stephen,CAN,273.78,10,2,87.41,48.23,39.18,186.37,103.22,83.15,151.45,122.33,55.32%,0
2026,M,6,GUMENNIK Petr,AIN,271.21,12,4,86.72,48.43,38.29,184.49,103.84,80.65,152.27,118.94,56.14%,0
2026,M,7,SIAO HIM FA Adam,FRA,269.27,3,12,102.55,57.27,45.28,166.72,84.97,82.75,142.24,128.03,52.63%,0
2026,M,8,MALININ Ilia,USA,264.49,1,15,108.16,62.35,45.81,156.33,76.61,81.72,138.96,127.53,52.14%,0
2026,M,9,GRASSL Daniel,ITA,263.71,4,8,93.46,52.73,40.73,170.25,88.79,81.46,141.52,122.19,53.67%,0
2026,M,10,EGADZE Nika,GEO,260.27,15,7,85.11,45.85,39.26,175.16,96.23,79.93,142.08,119.19,54.38%,0
2026,M,11,AYMOZ Kevin,FRA,259.94,7,11,92.64,48.55,44.09,167.3,81.45,85.85,130,129.94,50.01%,0
2026,M,12,TORGASHEV Andrew,USA,259.06,8,9,88.94,48.56,40.38,170.12,86.16,83.96,134.72,124.34,52.00%,0
2026,M,13,MIURA Kao,JPN,246.88,22,10,76.77,37.44,40.33,170.11,92.72,78.39,130.16,118.72,52.30%,0
2026,M,14,BRITSCHGI Lukas,SUI,246.64,19,13,80.87,40.61,40.26,165.77,85.01,80.76,125.62,121.02,50.93%,0
2026,M,15,RIZZO Matteo,ITA,243.18,16,14,84.3,42.49,41.81,158.88,76.32,82.56,118.81,124.37,48.86%,0
2026,M,16,SELEVKO Aleksandr,EST,236.82,18,16,82.02,41.33,41.69,154.8,77.05,77.75,118.38,119.44,49.78%,0
2026,M,17,JIN Boyang,CHN,229.08,13,20,86.55,47.79,38.76,142.53,70.87,72.66,118.66,111.42,51.57%,0
2026,M,18,VASILJEVS Deniss,LAT,226.46,17,18,82.44,42.34,40.1,144.02,67.07,76.95,109.41,117.05,48.31%,0
2026,M,19,MARSAK Kyrylo,UKR,224.17,11,23,86.89,49.2,37.69,137.28,64.92,73.36,114.12,111.05,50.68%,0
2026,M,20,NAUMOV Maxim,USA,223.36,14,22,85.65,47.77,37.88,137.71,64.66,75.05,112.43,112.93,49.89%,0
2026,M,21,SAMOILOV Vladimir,POL,222.25,21,17,77.57,40.88,36.69,144.68,72.65,73.03,113.53,109.72,50.85%,0
2026,M,22,CARRILLO Donovan,MEX,219.06,23,19,75.56,39.71,36.85,143.5,71.56,71.94,111.27,108.79,50.56%,0
2026,M,23,LI Yu-Hsiang,TPE,214.33,24,21,72.41,39.84,32.57,141.92,77.25,64.67,117.09,97.24,54.63%,0
2026,M,24,HAGARA Adam,SVK,202.38,20,24,80.3,45.17,35.13,122.08,61.91,62.17,107.08,97.3,52.39%,0
2026,M,FNR,GUARINO SABATE Tomas,ESP,69.8,25,0,69.8,34.25,35.55,0,0,0,34.25,35.55,49.07%,0
2026,M,FNR,KIM Hyungyeom,KOR,69.3,26,0,69.3,37.92,32.38,0,0,0,37.92,32.38,53.94%,0
2026,M,FNR,NORDEBACK Andreas,SWE,67.15,27,0,67.15,31.45,35.7,0,0,0,31.45,35.7,46.84%,0
2026,M,FNR,KULISS Fedirs,LAT,66.86,28,0,66.86,35.83,32.03,0,0,0,35.83,32.03,52.80%,0
2026,M,FNR,LITVINTSEV Vladimir,AZE,63.63,29,0,63.63,31.13,32.5,0,0,0,31.13,32.5,48.92%,0
2026,W,1,LIU Alysa,USA,226.79,3,1,76.59,41.34,35.25,150.2,77.74,72.46,119.08,107.71,52.51%,1
2026,W,2,SAKAMOTO Kaori,JPN,224.9,2,2,77.23,40.08,37.15,147.67,72.83,74.84,112.91,111.99,50.20%,2
2026,W,3,NAKAI Ami,JPN,219.16,1,9,78.71,45.02,33.69,140.45,72.53,67.92,117.55,101.61,53.64%,3
2026,W,4,CHIBA Mone,JPN,217.88,4,4,74,38.72,35.28,143.88,74.46,69.42,113.18,104.7,51.95%,0
2026,W,5,GLENN Amber,USA,214.91,13,3,67.39,34.19,33.2,147.52,78.87,68.65,113.06,101.85,52.61%,0
2026,W,6,PETROSIAN Adeliia,AIN,214.53,5,5,72.89,40.44,32.45,141.64,76.93,65.71,117.37,98.16,54.46%,0
2026,W,7,PETROKINA Niina,EST,210.82,10,6,69.63,36.8,32.83,141.19,74.82,66.37,111.62,99.2,52.95%,0
2026,W,8,LEE Haein,KOR,210.56,9,8,70.07,37.61,32.46,140.49,74.15,66.34,111.76,98.8,53.08%,0
2026,W,9,GUBANOVA Anastasiia,GEO,209.99,6,11,71.77,38.28,33.49,138.22,71.39,66.83,109.67,100.32,52.23%,0
2026,W,10,SAMODELKINA Sofia,KAZ,207.46,12,10,68.47,36.42,32.05,138.99,73.77,65.22,110.19,97.27,53.11%,0
2026,W,11,SHIN Jia,KOR,206.68,14,7,65.66,35.79,30.87,141.02,75.05,65.97,110.84,96.84,53.37%,0
2026,W,12,LEVITO Isabeau,USA,202.8,8,13,70.84,36.77,34.07,131.96,64.5,68.46,101.27,102.53,49.69%,0
2026,W,13,PINZARRONE Nina,BEL,200.3,11,14,68.97,36.86,32.11,131.33,67.63,63.7,104.49,95.81,52.17%,0
2026,W,14,HENDRICKX Loena,BEL,199.65,7,15,70.93,36.92,34.01,128.72,61.49,67.23,98.41,101.24,49.29%,0
2026,W,15,GUTMANN Lara Naki,ITA,195.75,18,12,61.56,29.5,32.06,134.19,69.73,64.46,99.23,96.52,50.69%,0
2026,W,16,KARHUNEN Iida,FIN,192.79,15,17,65.06,36.22,28.84,127.73,68.43,59.3,104.65,88.14,54.28%,0
2026,W,17,SAUTER Julia,ROU,190.93,16,16,63.13,34.15,28.98,127.8,66.28,61.52,100.43,90.5,52.60%,0
2026,W,18,MIKUTINA Olga,AUT,185.59,17,18,61.72,32.64,29.08,123.87,64.06,59.81,96.7,88.89,52.10%,0
2026,W,19,ZHANG Ruiyang,CHN,178.03,20,19,59.38,32.64,26.74,118.65,61.54,57.11,94.18,83.85,52.90%,0
2026,W,20,KURAKOVA Ekaterina,POL,173.37,19,21,60.14,31.56,28.58,113.23,56.6,56.63,88.16,85.21,50.85%,0
2026,W,21,KAISER Livia,SUI,171.52,23,20,55.69,30.62,26.07,115.83,62.95,53.88,93.57,79.95,53.92%,0
2026,W,22,SCHILD Lorine,FRA,167.08,24,22,55.63,29.32,26.31,111.45,59.41,52.04,88.73,78.35,53.11%,0
2026,W,23,REPOND Kimmy,SUI,159.54,21,23,59.2,29.84,29.36,100.34,51.21,53.13,81.05,82.49,49.56%,0
2026,W,24,SENIUK Mariia,ISR,152.61,22,24,58.61,32.15,26.46,94,44.64,50.36,76.79,76.82,49.99%,0
2026,W,FNR,SCHIZAS Madeline,CAN,55.38,25,0,55.38,26.39,28.99,0,0,0,26.39,28.99,47.65%,0
2026,W,FNR,SAFONOVA Viktoriia,AIN,54.57,26,0,54.57,29.15,25.42,0,0,0,29.15,25.42,53.42%,0
2026,W,FNR,VARIAKOJYTE Meda,LTU,53.86,27,0,53.86,29.77,24.09,0,0,0,29.77,24.09,55.27%,0
2026,W,FNR,FEIGIN Alexandra,BUL,53.42,28,0,53.42,28.77,24.65,0,0,0,28.77,24.65,53.86%,0
2026,W,FNR,SPOURS Kristen,GBR,45.54,29,0,45.54,21.55,23.99,0,0,0,21.55,23.99,47.32%,0
2022,M,1,CHEN Nathan,USA,332.6,1,1,113.97,65.98,47.99,218.63,121.41,97.22,187.39,145.21,56.34%,1
2022,M,2,KAGIYAMA Yuma,JPN,310.05,2,2,108.12,60.91,47.21,201.93,107.99,93.94,168.9,141.15,54.48%,2
2022,M,3,UNO Shoma,JPN,293,3,5,105.9,59.05,46.85,187.1,96.24,91.86,155.29,138.71,52.82%,3
2022,M,4,HANYU Yuzuru,JPN,283.21,8,3,95.15,48.07,47.08,188.06,99.62,90.44,147.69,137.52,51.78%,0
2022,M,5,CHA Junhwan,KOR,282.38,4,7,99.51,54.3,45.21,182.87,93.59,90.28,147.89,135.49,52.19%,0
2022,M,6,BROWN Jason,USA,281.24,6,6,97.24,49.95,47.29,184,87.66,96.34,137.61,143.63,48.93%,0
2022,M,7,GRASSL Daniel,ITA,278.07,12,4,90.64,48.7,41.94,187.43,103.35,84.08,152.05,126.02,54.68%,0
2022,M,8,SEMENENKO Evgeni,ROC,274.13,7,9,95.76,55.23,40.53,178.37,94.81,83.56,150.04,124.09,54.73%,0
2022,M,9,JIN Boyang,CHN,270.43,11,8,90.98,51.62,39.36,179.45,97.23,82.22,148.85,121.58,55.04%,0
2022,M,10,KVITELASHVILI Morisi,GEO,268.62,5,11,97.98,55.69,42.29,170.64,85.92,84.72,141.61,127.01,52.72%,0
2022,M,11,MESSING Keegan,CAN,265.61,9,10,93.24,49.3,43.94,172.37,84.13,88.24,133.43,132.18,50.24%,0
2022,M,12,AYMOZ Kevin,FRA,254.8,10,15,93,49.93,43.07,161.8,76.6,86.2,126.53,129.27,49.46%,0
2022,M,13,VASILJEVS Deniss,LAT,252.71,16,12,85.3,43.08,42.22,167.41,84.75,83.66,127.83,125.88,50.38%,0
2022,M,14,SIAO HIM FA Adam,FRA,250.15,14,13,86.74,47.28,40.46,163.41,81.69,82.72,128.97,123.18,51.15%,0
2022,M,15,KONDRATIUK Mark,ROC,248.82,15,14,85.3,43.08,42.22,162.71,80.15,83.56,123.23,125.78,49.49%,0
2022,M,16,RIZZO Matteo,ITA,247.53,13,17,88.63,46.71,41.92,158.9,76.92,82.98,123.63,124.9,49.74%,0
2022,M,17,KERRY Brendan,AUS,244.8,17,16,84.79,45.93,38.86,160.01,83.51,76.5,129.44,115.36,52.88%,0
2022,M,18,LITVINTSEV Vladimir,AZE,239.19,18,19,84.15,47.14,37.01,155.04,80.76,74.28,127.9,111.29,53.47%,0
2022,M,19,MOZALEV Andrei,ROC,233.33,23,18,77.05,36.76,41.29,156.28,79.48,78.8,116.24,120.09,49.19%,0
2022,M,20,MILYUKOV Konstantin,BLR,222.22,21,20,78.49,41.92,36.57,143.73,71.35,72.38,113.27,108.95,50.97%,0
2022,M,21,MAJOROV Nikolaj,SWE,220.78,20,21,78.54,41.22,37.32,142.24,67.6,74.64,108.82,111.96,49.29%,0
2022,M,22,CARRILLO Donovan,MEX,218.13,19,22,79.69,43.08,36.61,138.44,66.56,72.88,109.64,109.49,50.03%,0
2022,M,23,BRITSCHGI Lukas,SUI,212.58,24,23,76.16,39.76,36.4,136.42,64.72,71.7,104.48,108.1,49.15%,0
2022,M,24,SHMURATKO Ivan,UKR,205.76,22,24,78.11,41.08,37.03,127.65,57.17,71.48,98.25,108.51,47.52%,0
2022,M,FNR,BREZINA Michal,CZE,75.19,25,0,75.19,36.69,39.5,0,0,0,36.69,39.5,48.16%,0
2022,M,FNR,BYCHENKO Alexei,ISR,68.01,26,0,68.01,33.02,35.99,0,0,0,33.02,35.99,47.85%,0
2022,M,FNR,LEE Sihyeong,KOR,65.69,27,0,65.69,30.75,35.94,0,0,0,30.75,35.94,46.11%,0
2022,M,FNR,SELEVKO Aleksandr,EST,65.29,28,0,65.29,28.79,36.5,0,0,0,28.79,36.5,44.10%,0
2022,M,FNR,SADOVSKY Roman,CAN,62.77,29,0,62.77,24.99,37.78,0,0,0,24.99,37.78,39.81%,0
2022,M,WD,ZHOU Vincent,USA,0,0,0,0,0,0,0,0,0,0,0,0.00%,0
2022,W,1,SHCHERBAKOVA Anna,ROC,255.95,2,2,80.2,42.87,37.33,175.75,100.49,75.26,143.36,112.59,56.01%,1
2022,W,2,TRUSOVA Alexandra,ROC,251.73,4,1,74.6,40.12,35.48,177.13,106.16,70.97,146.28,106.45,57.88%,2
2022,W,3,SAKAMOTO Kaori,JPN,233.13,3,3,79.84,43.22,36.62,153.29,78.9,74.39,122.12,111.01,52.38%,3
2022,W,4,HIGUCHI Wakaba,JPN,214.44,5,6,73.51,39.53,33.98,140.93,72.67,69.26,112.2,103.24,52.08%,0
2022,W,5,YOU Young,KOR,213.09,6,4,70.34,36.8,33.54,142.75,74.16,68.59,110.96,102.13,52.07%,0
2022,W,6,LIU Alysa,USA,208.95,8,7,69.5,36.85,32.65,139.45,71.95,67.5,108.8,100.15,52.07%,0
2022,W,7,HENDRICKX Loena,BEL,206.79,7,9,70.09,36.09,34,136.7,66.19,70.51,102.28,104.51,49.46%,0
2022,W,8,KIM Yelim,KOR,202.63,9,11,67.78,35.27,32.51,134.85,68.61,66.24,103.88,98.75,51.27%,0
2022,W,9,BELL Mariah,USA,202.3,11,8,65.38,33.43,32.95,136.92,68.25,68.67,101.68,101.62,50.01%,0
2022,W,10,GUBANOVA Anastasiia,GEO,200.98,10,10,65.4,34.43,30.97,135.58,70.06,65.52,104.49,96.49,51.99%,0
2022,W,11,KURAKOVA Ekaterina,POL,185.84,24,12,59.08,28.42,30.66,126.76,66.24,60.52,94.66,91.18,50.94%,0
2022,W,12,SAFONOVA Viktoriia,BLR,184.83,17,13,61.46,32.72,28.74,123.37,65.54,57.83,98.26,86.57,53.16%,0
2022,W,13,MIKUTINA Olga,AUT,182.2,18,14,61.14,32.54,28.6,121.06,61.12,59.94,93.66,88.54,51.41%,0
2022,W,14,RYABOVA Ekaterina,AZE,179.97,16,15,61.82,32.43,29.39,118.15,59.58,58.57,92.01,87.96,51.13%,0
2022,W,15,CHEN Karen,USA,179.93,13,17,64.11,31.24,33.87,115.82,51.61,65.21,82.85,99.08,45.54%,0
2022,W,16,SCHOTT Nicole,GER,177.65,14,19,63.13,33.01,30.12,114.52,56.28,60.24,89.29,90.36,49.70%,0
2022,W,17,van ZUNDERT Lindsay,NED,175.81,22,16,59.24,32.12,27.12,116.57,61.74,54.83,93.86,81.95,53.39%,0
2022,W,18,SCHIZAS Madeline,CAN,175.56,20,18,60.53,29.61,30.92,115.03,53.68,62.35,83.29,93.27,47.17%,0
2022,W,19,BREZINOVA Eliska,CZE,175.41,12,21,64.31,35.74,28.57,111.1,54.81,58.29,90.55,86.86,51.04%,0
2022,W,20,KIIBUS Eva-Lotta,EST,171.75,21,20,59.55,30.89,29.66,112.2,54.27,58.93,85.16,88.59,49.01%,0
2022,W,21,PAGANINI Alexia,SUI,168.91,19,22,61.06,32.03,29.03,107.85,50.01,57.84,82.04,86.87,48.57%,0
2022,W,22,KAWABE Mana,JPN,166.73,15,23,62.69,33.66,30.03,104.04,47.87,60.17,81.53,90.2,47.48%,0
2022,W,23,FEIGIN Alexandra,BUL,159.31,23,24,59.16,32.36,26.8,100.15,49.89,51.26,82.25,78.06,51.31%,0
2022,W,24,SAARINEN Jenni,FIN,153.04,25,25,56.97,27.79,29.18,96.07,45.96,54.11,73.75,83.29,46.96%,0
2022,W,FNR,TALJEGARD Josefin,SWE,54.51,26,0,54.51,26.11,28.4,0,0,0,26.11,28.4,47.90%,0
2022,W,FNR,ZHU Yi,CHN,53.44,27,0,53.44,26.37,27.07,0,0,0,26.37,27.07,49.35%,0
2022,W,FNR,McKAY Natasha,GBR,52.54,28,0,52.54,26.2,27.34,0,0,0,26.2,27.34,48.94%,0
2022,W,FNR,CRAINE Kailani,AUS,49.93,29,0,49.93,22.78,27.15,0,0,0,22.78,27.15,45.62%,0
2022,W,FNR,SHABOTOVA Anastasiia,UKR,48.68,30,0,48.68,24.04,25.64,0,0,0,24.04,25.64,48.39%,0
2022,W,DSQ,VALIEVA Kamila,ROC,0,0,0,0,0,0,0,0,0,0,0,0.00%,0
2018,M,1,HANYU Yuzuru,JPN,317.85,1,2,111.68,63.18,48.5,206.17,109.55,96.62,172.73,145.12,54.34%,1
2018,M,2,UNO Shoma,JPN,306.9,3,3,104.17,58.13,46.04,202.73,111.01,92.72,169.14,138.76,54.93%,2
2018,M,3,FERNANDEZ Javier,ESP,305.24,2,4,107.58,59.79,47.79,197.66,101.52,96.14,161.31,143.93,52.85%,3
2018,M,4,JIN Boyang,CHN,297.77,4,5,103.32,60.27,43.05,194.45,109.69,85.76,169.96,128.81,56.89%,0
2018,M,5,CHEN Nathan,USA,297.35,17,1,82.27,41.39,41.88,215.08,127.64,87.44,169.03,129.32,56.65%,0
2018,M,6,ZHOU Vincent,USA,276.69,12,6,84.53,48.5,36.03,192.16,112.24,79.92,160.74,115.95,58.09%,0
2018,M,7,ALIEV Dmitri,OAR,267.51,5,13,98.98,56.98,42,168.53,85.39,85.14,142.37,127.14,52.83%,0
2018,M,8,KOLYADA Mikhail,OAR,264.25,8,7,86.69,43.84,43.85,177.56,91.62,87.94,135.46,131.79,50.69%,0
2018,M,9,CHAN Patrick,CAN,263.43,6,8,90.01,45.08,45.93,173.42,81.56,91.86,126.64,137.79,47.89%,0
2018,M,10,RIPPON Adam,USA,259.36,7,10,87.95,44.48,43.47,171.41,84.47,86.94,128.95,130.41,49.72%,0
2018,M,11,BYCHENKO Alexei,ISR,257.01,13,9,84.13,43.63,40.5,172.88,89.08,83.8,132.71,124.3,51.64%,0
2018,M,12,MESSING Keegan,CAN,255.43,10,12,85.11,45.5,40.61,170.32,84.88,85.44,130.38,126.05,50.84%,0
2018,M,13,SAMOHIN Daniel,ISR,251.44,18,11,80.69,43.29,38.4,170.75,89.03,81.72,132.32,120.12,52.42%,0
2018,M,14,HENDRICKX Jorik,BEL,248.95,11,16,84.74,44.17,40.57,164.21,81.79,82.42,125.96,122.99,50.60%,0
2018,M,15,CHA Junhwan,KOR,248.59,15,14,83.43,43.79,39.64,165.16,84.94,81.22,128.73,120.86,51.58%,0
2018,M,16,BREZINA Michal,CZE,246.07,9,18,85.15,44.34,40.81,160.92,76.58,84.34,120.92,125.15,49.14%,0
2018,M,17,GE Misha,UZB,244.94,14,17,83.9,41.75,42.15,161.04,74.96,86.08,116.71,128.23,47.65%,0
2018,M,18,TANAKA Keiji,JPN,244.83,20,15,80.05,40.3,40.75,164.78,85.64,81.14,125.94,121.89,50.82%,0
2018,M,19,VASILJEVS Deniss,LAT,234.58,21,20,79.52,39.34,41.18,155.06,76.42,80.64,115.76,121.82,48.72%,0
2018,M,20,KERRY Brendan,AUS,233.81,16,21,83.06,45.49,37.57,150.75,73.33,77.42,118.82,114.99,50.82%,0
2018,M,21,RIZZO Matteo,ITA,232.41,23,19,75.63,39.23,36.4,156.78,80.86,75.92,120.09,112.32,51.67%,0
2018,M,22,FENTZ Paul,GER,214.55,24,22,74.73,37.71,37.02,139.82,66.98,72.84,104.69,109.86,48.80%,0
2018,M,23,YAN Han,CHN,213.01,19,23,80.63,40.99,40.64,132.38,53.8,79.58,94.79,120.22,44.09%,0
2018,M,24,KVITELASHVILI Morisi,GEO,204.57,22,24,76.56,40.88,36.68,128.01,63.35,70.66,104.23,107.34,49.27%,0
2018,M,FNR,YEE Julian Zhi Jie,MAS,0,25,0,73.58,38.37,35.21,0,0,0,38.37,35.21,52.15%,0
2018,M,FNR,BESSEGHIER Chafik,FRA,0,26,0,72.1,38.41,33.69,0,0,0,38.41,33.69,53.27%,0
2018,M,FNR,TEN Denis,KAZ,0,27,0,70.12,30.77,39.35,0,0,0,30.77,39.35,43.88%,0
2018,M,FNR,MARTINEZ Michael Christian,PHI,0,28,0,55.56,26.04,29.52,0,0,0,26.04,29.52,46.87%,0
2018,M,FNR,MONTOYA Felipe,ESP,0,29,0,52.41,22.59,30.82,0,0,0,22.59,30.82,42.30%,0
2018,M,FNR,PANIOT Yaroslav,UKR,0,30,0,46.58,18.68,29.9,0,0,0,18.68,29.9,38.45%,0
2018,W,1,ZAGITOVA Alina,OAR,239.57,1,2,82.92,45.3,37.62,156.65,81.62,75.03,126.92,112.65,52.98%,1
2018,W,2,MEDVEDEVA Evgenia,OAR,238.26,2,1,81.61,43.19,38.42,156.65,79.18,77.47,122.37,115.89,51.36%,2
2018,W,3,OSMOND Kaetlyn,CAN,231.02,3,3,78.87,41.83,37.04,152.15,76.5,75.65,118.33,112.69,51.22%,3
2018,W,4,MIYAHARA Satoko,JPN,222.38,4,4,75.94,40.25,35.69,146.44,75.2,71.24,115.45,106.93,51.92%,0
2018,W,5,KOSTNER Carolina,ITA,212.44,6,5,73.15,35.06,38.09,139.29,63.64,75.65,98.7,113.74,46.46%,0
2018,W,6,SAKAMOTO Kaori,JPN,209.71,5,6,73.18,40.36,32.82,136.53,68.42,68.11,108.78,100.93,51.87%,0
2018,W,7,CHOI Dabin,KOR,199.26,8,8,67.77,37.54,30.23,131.49,68.74,62.75,106.28,92.98,53.34%,0
2018,W,8,SOTSKOVA Maria,OAR,198.1,12,7,63.86,31.47,33.39,134.24,66.94,67.3,98.41,100.69,49.43%,0
2018,W,9,TENNELL Bradie,USA,192.35,11,9,64.01,35.5,29.51,128.34,65.41,62.93,100.91,92.44,52.19%,0
2018,W,10,NAGASU Mirai,USA,186.54,9,12,66.93,37.24,30.69,119.61,57.56,62.05,94.8,92.74,50.55%,0
2018,W,11,CHEN Karen,USA,185.65,10,11,65.9,33.53,32.37,119.75,56.65,64.1,90.18,96.47,48.32%,0
2018,W,12,TURSYNBAEVA Elizabet,KAZ,177.12,15,13,58.82,29.14,29.68,118.3,60.5,58.8,89.64,88.48,50.33%,0
2018,W,13,KIM Hanul,KOR,175.71,21,10,54.33,29.41,24.92,121.38,67.03,54.35,96.44,79.27,54.89%,0
2018,W,14,RAJICOVA Nicole,SVK,175.19,13,15,60.59,32.36,28.23,114.6,57.8,56.8,90.16,85.03,51.46%,0
2018,W,15,DALEMAN Gabrielle,CAN,172.46,7,19,68.9,35.9,33,103.56,45.81,61.75,81.71,94.75,46.31%,0
2018,W,16,HENDRICKX Loena,BEL,171.88,20,14,55.16,27.79,27.37,116.72,60.73,55.99,88.52,83.36,51.50%,0
2018,W,17,CRAINE Kailani,AUS,168.61,16,16,56.77,30.36,26.41,111.84,57.89,53.95,88.25,80.36,52.34%,0
2018,W,18,SCHOTT Nicole,GER,168.46,14,17,59.2,31.62,27.58,114.6,57.8,56.8,89.42,84.38,51.45%,0
2018,W,19,MEITE Mae Berenice,FRA,159.92,22,18,53.67,28.24,25.43,106.25,55.13,52.12,83.37,77.55,51.81%,0
2018,W,20,PELTONEN Emmi,FIN,157.14,18,21,55.28,28.48,27.8,101.86,46.41,56.45,74.89,84.25,47.06%,0
2018,W,21,PAGANINI Alexia,SUI,156.26,19,22,55.26,29.99,25.27,101,50.94,50.06,80.93,75.33,51.79%,0
2018,W,22,LI Xiangning,CHN,154.43,24,20,52.46,27.27,26.19,101.97,50.56,51.41,77.83,77.6,50.07%,0
2018,W,23,TOTH Ivett,HUN,150.43,23,23,53.22,27.6,25.62,97.21,49.82,50.39,77.42,76.01,50.46%,0
2018,W,24,WILLIAMS Isadora,BRA,144.18,17,24,55.74,29.83,25.91,88.44,38.39,51.05,68.22,76.96,46.99%,0
2018,W,FNR,AUSTMAN Larkyn,CAN,0,25,,51.42,25.93,26.49,0,0,0,25.93,26.49,49.47%,0
2018,W,FNR,NIKITINA Diana,LAT,0,26,,51.12,26.35,24.77,0,0,0,26.35,24.77,51.55%,0
2018,W,FNR,RUSSO Giada,ITA,0,27,,50.88,25.9,25.98,0,0,0,25.9,25.98,49.92%,0
2018,W,FNR,OESTLUND Anita,SWE,0,28,,49.14,25.35,23.79,0,0,0,25.35,23.79,51.59%,0
2018,W,FNR,KHNYCHENKOVA Anna,UKR,0,29,,47.59,26.66,22.93,0,0,0,26.66,22.93,53.76%,0
2018,W,FNR,MAMBEKOVA Aiza,KAZ,0,30,,44.4,21.29,23.11,0,0,0,21.29,23.11,47.95%,0
2014,M,1,HANYU Yuzuru,JPN,280.09,1,1,101.45,54.84,46.61,178.64,89.66,90.98,144.5,137.59,51.22%,1
2014,M,2,CHAN Patrick,CAN,275.62,2,2,97.52,50.34,47.18,178.1,85.4,92.7,135.74,139.88,49.25%,2
2014,M,3,TEN Denis,KAZ,255.1,9,3,84.06,43.49,41.57,171.04,88.9,82.14,132.39,123.71,51.69%,3
2014,M,4,FERNANDEZ Javier,ESP,253.92,3,5,86.98,43.87,43.11,166.94,77.8,89.14,121.67,132.25,47.92%,0
2014,M,5,MACHIDA Tatsuki,JPN,253.42,11,4,83.48,40.98,42.5,169.94,88.22,82.72,129.2,125.22,50.78%,0
2014,M,6,TAKAHASHI Daisuke,JPN,250.67,4,6,86.4,41.75,44.65,164.27,73.27,91,115.02,135.65,45.89%,0
2014,M,7,YAN Han,CHN,246.2,8,7,85.66,44.94,40.72,160.54,80.6,79.94,125.54,120.66,50.99%,0
2014,M,8,LIEBERS Peter,GER,239.87,5,9,86.04,47.26,38.78,153.83,75.97,78.86,123.23,117.64,51.16%,0
2014,M,9,BROWN Jason,USA,238.37,6,11,86,45.39,40.61,152.37,68.09,84.28,113.48,124.89,47.61%,0
2014,M,10,BREZINA Michal,CZE,233.62,12,13,81.95,42.2,39.75,151.67,75.31,77.36,117.51,117.11,50.09%,0
2014,M,11,VERNER Tomas,CZE,232.99,13,12,81.09,42.11,39.98,151.9,73.98,78.92,116.09,118.9,49.40%,0
2014,M,12,ABBOTT Jeremy,USA,232.7,15,8,72.58,37.21,37.37,160.12,78.1,82.02,115.31,119.39,49.13%,0
2014,M,13,JOUBERT Brian,FRA,231.77,7,14,85.84,45.11,40.73,145.93,69.51,76.42,114.62,117.15,49.45%,0
2014,M,14,MAJOROV Alexander,SWE,224.86,10,16,83.81,45.52,38.29,141.05,66.05,75,111.57,113.29,49.62%,0
2014,M,15,REYNOLDS Kevin,CAN,222.23,17,10,68.76,33.98,36.78,153.47,79.83,73.64,113.81,110.42,50.76%,0
2014,M,16,HENDRICKX Jorik,BEL,214.04,16,15,72.52,39.88,32.64,141.52,73.88,67.64,113.76,100.28,53.15%,0
2014,M,17,GE Misha,UZB,203.26,18,17,68.07,35.64,32.43,135.19,69.63,65.56,105.27,97.99,51.79%,0
2014,M,18,AMODIO Florent,FRA,198.64,14,18,75.58,35.79,39.79,123.06,49,74.06,84.79,113.85,42.69%,0
2014,M,19,MARTINEZ Michael Christian,PHI,184.25,19,20,64.81,33.31,31.5,119.44,62.58,57.86,95.89,89.36,51.76%,0
2014,M,20,GODOROZHA Yakov,UKR,182.19,21,19,62.65,34.08,28.57,119.54,65.12,54.42,99.2,82.99,54.45%,0
2014,M,21,BYCHENKO Alexei,ISR,177.06,22,21,62.44,32.05,31.39,114.62,59.96,55.66,92.01,87.05,51.39%,0
2014,M,22,RAKIMGALIEV Abzal,KAZ,174.4,20,22,64.18,34.5,29.68,110.22,53.92,56.3,88.42,85.98,50.70%,0
2014,M,23,KELEMEN Zoltan,ROU,158.76,24,23,60.41,30.4,30.01,98.35,50.27,51.08,80.67,81.09,49.87%,0
2014,M,24,ROMANENKOV Viktor,EST,139.99,23,24,61.55,34.16,27.39,78.44,32.42,48.02,66.58,75.41,46.89%,0
2014,M,FNR,RAYA Javier,ESP,0,25,0,59.76,28.91,30.85,0,0,0,28.91,30.85,48.38%,0
2014,M,FNR,PFEIFER Viktor,AUT,0,26,0,56.6,25.23,31.37,0,0,0,25.23,31.37,44.58%,0
2014,M,FNR,PARKINSON Paul Bonifacio,ITA,0,27,0,56.3,28.91,28.39,0,0,0,28.91,28.39,50.45%,0
2014,M,FNR,FIRUS Liam,CAN,0,28,0,55.04,27.47,29.57,0,0,0,27.47,29.57,48.16%,0
2014,M,FNR,KERRY Brendan,AUS,0,29,0,47.12,21.87,26.25,0,0,0,21.87,26.25,45.45%,0
2014,M,WD,PLYUSHCHENKO Evgeny,RUS,0,0,0,0,0,0,0,0,0,0,0,0.00%,0
2014,W,1,SOTNIKOVA Adelina,RUS,224.59,2,1,74.64,39.09,35.55,149.95,75.54,74.41,114.63,109.96,51.04%,1
2014,W,2,KIM Yuna,KOR,219.11,1,2,74.92,39.03,35.89,144.19,69.69,74.5,108.72,110.39,49.62%,2
2014,W,3,KOSTNER Carolina,ITA,216.73,3,4,74.12,37.49,36.63,142.61,68.84,73.77,106.33,110.4,49.06%,3
2014,W,4,GOLD Gracie,USA,205.53,4,5,68.63,36.55,32.08,136.9,69.57,68.33,106.12,100.41,51.38%,0
2014,W,5,LIPNITSKAYA Yulia,RUS,200.57,5,6,65.23,33.15,33.08,135.34,66.28,70.06,99.43,103.14,49.08%,0
2014,W,6,ASADA Mao,JPN,198.22,16,3,55.51,22.63,33.88,142.71,73.03,69.68,95.66,103.56,48.02%,0
2014,W,7,WAGNER Ashley,USA,193.2,6,7,65.21,31.43,33.78,127.99,61.07,66.92,92.5,100.7,47.88%,0
2014,W,8,SUZUKI Akiko,JPN,186.32,8,8,60.97,28.71,32.26,125.35,60.57,65.78,89.28,98.04,47.66%,0
2014,W,9,EDMUNDS Polina,USA,183.25,7,9,61.04,32.98,28.06,122.21,63.02,60.19,96,88.25,52.10%,0
2014,W,10,MEITE Mae Berenice,FRA,174.53,9,11,58.63,30.83,27.8,115.9,60.86,56.04,91.69,83.84,52.24%,0
2014,W,11,MARCHEI Valentina,ITA,173.33,12,10,57.02,27.52,29.5,116.31,55.56,60.75,83.08,90.25,47.93%,0
2014,W,12,MURAKAMI Kanako,JPN,170.98,15,12,55.6,26.72,28.88,115.38,56.96,58.42,83.68,87.3,48.94%,0
2014,W,13,OSMOND Kaetlyn,CAN,168.98,13,13,56.18,27.51,28.67,112.8,55.97,57.83,83.48,86.5,49.11%,0
2014,W,14,LI Zijun,CHN,168.3,11,14,57.55,30.01,27.54,110.75,55.79,54.96,85.8,82.5,50.98%,0
2014,W,15,ZHANG Kexin,CHN,154.21,14,15,55.8,32.68,23.12,98.41,49.84,48.57,82.52,71.69,53.51%,0
2014,W,16,KIM Haejin,KOR,149.48,18,17,54.37,29.23,25.14,95.11,45.25,50.86,74.48,76,49.49%,0
2014,W,17,DALEMAN Gabrielle,CAN,148.44,19,16,52.61,28.07,24.54,95.83,48.4,47.43,76.47,71.97,51.52%,0
2014,W,18,WEINZIERL Nathalie,GER,147.36,10,21,57.63,31.94,25.69,89.73,38.47,52.26,70.41,77.95,47.46%,0
2014,W,19,GEDEVANISHVILI Elene,GEO,147.15,17,20,54.7,27.51,27.19,92.45,39.85,53.6,67.36,80.79,45.47%,0
2014,W,20,HAN Brooklee,AUS,143.84,22,18,49.32,26.37,22.95,94.52,48.71,46.81,75.08,69.76,51.84%,0
2014,W,21,PARK So Youn,KOR,142.97,23,19,49.14,25.35,23.79,93.83,48.72,46.11,74.07,69.9,51.45%,0
2014,W,22,UKOLOVA Elizaveta,CZE,136.42,20,23,51.87,29.72,22.15,84.55,42.94,43.61,72.66,65.76,52.49%,0
2014,W,23,GJERSEM Anne Line,NOR,134.54,24,22,48.56,26.13,22.43,85.98,41.24,44.74,67.37,67.17,50.07%,0
2014,W,24,RAJICOVA Nicole,SVK,125,21,24,49.8,26.63,23.17,75.2,30.39,45.81,57.02,68.98,45.25%,0
2014,W,FNR,McCORKELL Jenna,GBR,0,25,0,48.34,25.34,23,0,0,0,25.34,23,52.42%,0
2014,W,FNR,FRANK Kerstin,AUT,0,26,0,48,26.64,21.36,0,0,0,26.64,21.36,55.50%,0
2014,W,FNR,HELGESSON Viktoria,SWE,0,27,0,47.84,21.83,27.01,0,0,0,21.83,27.01,44.70%,0
2014,W,FNR,POPOVA Natalia,UKR,0,28,0,47.42,24.3,23.12,0,0,0,24.3,23.12,51.24%,0
2014,W,FNR,GLEBOVA Elena,EST,0,29,0,46.19,22.59,23.6,0,0,0,22.59,23.6,48.91%,0
2014,W,FNR,WILLIAMS Isadora,BRA,0,30,0,40.37,18.93,21.44,0,0,0,18.93,21.44,46.89%,0
2010,M,1,LYSACEK Evan,USA,257.67,2,1,90.3,48.3,42,167.37,84.57,82.8,132.87,124.8,51.57%,1
2010,M,2,PLUSHENKO Evgeni,RUS,256.36,1,2,90.85,51.1,39.75,165.51,82.71,82.8,133.81,122.55,52.20%,2
2010,M,3,TAKAHASHI Daisuke,JPN,247.23,3,5,90.25,48.9,41.35,156.98,73.48,84.5,122.38,125.85,49.30%,3
2010,M,4,LAMBIEL Stephane,SUI,246.72,5,3,84.63,41.48,43.15,162.09,78.49,83.6,119.97,126.75,48.63%,0
2010,M,5,CHAN Patrick,CAN,241.42,7,4,81.12,41.42,40.7,160.3,79.3,82,120.72,122.7,49.59%,0
2010,M,6,WEIR Johnny,USA,238.87,6,6,82.1,42.9,39.2,156.77,79.67,77.1,122.57,116.3,51.31%,0
2010,M,7,ODA Nobunari,JPN,238.54,4,7,84.85,46,38.85,153.69,79.69,77,125.69,115.85,52.04%,0
2010,M,8,KOZUKA Takahiko,JPN,231.19,8,8,79.59,42.14,37.45,151.6,78.4,74.2,120.54,111.65,51.91%,0
2010,M,9,ABBOTT Jeremy,USA,218.96,15,9,69.4,30.7,38.7,149.56,71.56,79,102.26,117.7,46.49%,0
2010,M,10,BREZINA Michal,CZE,216.73,9,11,78.8,42.5,36.3,137.93,67.43,71.5,109.93,107.8,50.49%,0
2010,M,11,TEN Denis,KAZ,211.25,10,14,76.24,41.24,35,135.01,67.61,67.4,108.85,102.4,51.53%,0
2010,M,12,AMODIO Florent,FRA,210.3,11,15,75.35,41.9,33.45,134.95,63.25,71.7,105.15,105.15,50.00%,0
2010,M,13,BORODULIN Artem,RUS,210.16,13,12,72.24,39.94,32.3,137.92,72.62,65.3,112.56,97.6,53.56%,0
2010,M,14,FERNANDEZ Javier,ESP,206.68,16,10,68.69,37.64,31.05,137.99,68.19,70.8,105.83,101.85,50.96%,0
2010,M,15,SCHULTHEISS Adrian,SWE,200.44,22,13,63.13,32.78,30.35,137.31,74.01,63.3,106.79,93.65,53.28%,0
2010,M,16,JOUBERT Brian,FRA,200.22,18,16,68,31.9,37.1,132.22,59.12,74.1,91.02,111.2,45.01%,0
2010,M,17,van der PERREN Kevin,BEL,189.84,12,18,72.9,39.2,33.7,116.94,54.04,62.9,93.24,96.6,49.12%,0
2010,M,18,CONTESTI Samuel,ITA,187.5,14,19,70.6,36.6,35,116.9,50.2,66.7,86.8,101.7,46.05%,0
2010,M,19,VERNER Tomas,CZE,184.74,19,17,65.32,30.02,36.3,119.42,52.62,67.8,82.64,104.1,44.25%,0
2010,M,20,BACCHINI Paolo,ITA,177.21,20,22,64.42,34.82,29.6,112.79,55.19,57.6,90.01,87.2,50.79%,0
2010,M,21,PFEIFER Viktor,AUT,175.93,23,20,60.88,34.08,26.8,115.05,61.25,54.8,95.33,81.6,53.88%,0
2010,M,22,LINDEMANN Stefan,GER,171.98,17,23,68.5,37.7,30.8,103.48,46.68,56.8,84.38,87.6,49.06%,0
2010,M,23,CHIPEUR Vaughn,CAN,170.92,24,21,57.22,30.22,27,113.7,55.1,58.6,85.32,85.6,49.92%,0
2010,M,24,KOVALEVSKI Anton,UKR,165.9,21,24,63.81,36.66,27.15,102.09,49.99,55.1,86.65,82.25,51.30%,0
2010,M,FNR,RI Song Chol,PRK,0,25,0,56.6,33.4,23.2,0,0,0,33.4,23.2,59.01%,0
2010,M,FNR,RAKIMGALIEV Abzal,KAZ,0,26,0,55.88,32.48,23.4,0,0,0,32.48,23.4,58.12%,0
2010,M,FNR,URBAS Gregor,SLO,0,27,0,53.02,28.92,24.1,0,0,0,28.92,24.1,54.55%,0
2010,M,FNR,DOMANSKI Przemyslaw,POL,0,28,0,52.14,28.44,23.7,0,0,0,28.44,23.7,54.55%,0
2010,M,FNR,KELEMEN Zoltan,ROU,0,29,0,51.95,27.4,25.55,0,0,0,27.4,25.55,51.75%,0
2010,M,FNR,NURMENKARI Ari-Pekka,FIN,0,30,0,44.62,22.72,22.9,0,0,0,22.72,22.9,49.80%,0
2010,W,1,KIM Yu-Na,KOR,228.56,1,1,78.5,44.7,33.8,150.06,78.3,71.76,123,105.56,53.82%,1
2010,W,2,ASADA Mao,JPN,205.5,2,2,73.78,41.5,32.28,131.72,64.68,67.04,106.18,99.32,51.67%,2
2010,W,3,ROCHETTE Joannie,CAN,202.64,3,3,71.36,39.2,32.16,131.28,62.8,68.48,102,100.64,50.34%,3
2010,W,4,NAGASU Mirai,USA,190.15,6,5,63.76,37,26.76,126.39,65.83,60.56,102.83,87.32,54.08%,0
2010,W,5,ANDO Miki,JPN,188.86,4,6,64.76,34.8,29.96,124.1,62.5,61.6,97.3,91.56,51.52%,0
2010,W,6,LEPISTO Laura,FIN,187.97,10,4,61.36,32.88,28.48,126.61,63.89,62.72,96.77,91.2,51.48%,0
2010,W,7,FLATT Rachael,USA,182.49,5,8,64.64,36.8,27.84,117.85,59.37,58.48,96.17,86.32,52.70%,0
2010,W,8,SUZUKI Akiko,JPN,181.44,11,7,61.02,33.1,27.92,120.42,60.98,59.44,94.08,87.36,51.85%,0
2010,W,9,LEONOVA Alena,RUS,172.46,8,10,62.14,33.9,28.24,110.32,55.84,54.48,89.74,82.72,52.04%,0
2010,W,10,MAKAROVA Ksenia,RUS,171.91,12,9,59.22,35.46,23.76,112.69,58.77,53.92,94.23,77.68,54.81%,0
2010,W,11,KORPI Kiira,FIN,161.57,17,11,52.96,27.72,26.24,108.61,54.93,53.68,82.65,79.92,50.84%,0
2010,W,12,PHANEUF Cynthia,CAN,156.62,14,13,57.16,31.8,26.36,99.46,48.94,51.52,80.74,77.88,50.90%,0
2010,W,13,KWAK Min-Jung,KOR,155.53,16,12,53.16,31.4,21.76,102.37,53.57,48.8,84.97,70.56,54.63%,0
2010,W,14,GEDEVANISHVILI Elene,GEO,155.24,9,17,61.92,35.8,26.12,93.32,40.64,53.68,76.44,79.8,48.92%,0
2010,W,15,MEIER Sarah,SUI,152.81,15,14,56.7,30.7,26,96.11,43.87,52.24,74.57,78.24,48.80%,0
2010,W,16,KOSTNER Carolina,ITA,151.9,7,19,63.02,33.34,29.68,88.88,34.84,57.04,68.18,86.72,44.02%,0
2010,W,17,SEBESTYEN Julia,HUN,151.26,13,16,57.46,30.7,26.76,93.8,41.32,52.48,72.02,79.24,47.61%,0
2010,W,18,HECKEN Sarah,GER,143.94,23,15,49.04,27.04,22,94.9,50.98,43.92,78.02,65.92,54.20%,0
2010,W,19,LIU Yan,CHN,143.47,19,18,51.74,29.94,21.8,91.73,49.33,42.4,79.27,64.2,55.25%,0
2010,W,20,LEE Cheltzie,AUS,138.16,18,20,52.16,30.72,21.44,86,42.44,44.56,73.16,66,52.57%,0
2010,W,21,GLEBOVA Elena,EST,134.19,20,22,50.8,27.2,23.6,83.39,39.11,45.28,66.31,68.88,49.05%,0
2010,W,22,LAFUENTE Sonia,ESP,133.51,22,21,49.74,28.94,20.8,83.77,43.97,40.8,72.91,61.6,54.20%,0
2010,W,23,GIMAZETDINOVA Anastasia,UZB,131.65,24,23,49.02,27.94,21.08,82.63,41.47,42.16,69.41,63.24,52.33%,0
2010,W,24,KARADEMIR Tugba,TUR,129.54,21,24,50.74,28.74,22,78.8,37.64,42.16,66.38,64.16,50.85%,0
2010,W,FNR,PIEMAN Isabelle,BEL,0,25,0,46.1,26.26,19.84,0,0,0,26.26,19.84,56.96%,0
2010,W,FNR,ZIEGLER Miriam,AUT,0,26,0,43.84,24.8,20.04,0,0,0,24.8,20.04,55.31%,0
2010,W,FNR,POSTIC Teodora,SLO,0,27,0,43.8,23.8,20,0,0,0,23.8,20,54.34%,0
2010,W,FNR,REITMAYEROVA Ivana,SVK,0,28,0,41.94,22.66,19.28,0,0,0,22.66,19.28,54.03%,0
2010,W,FNR,McCORKELL Jenna,GBR,0,29,0,40.64,20.08,21.56,0,0,0,20.08,21.56,48.22%,0
2010,W,FNR,JURKIEWICZ Anna,POL,0,30,0,36.1,16.78,19.32,0,0,0,16.78,19.32,46.48%,0
2006,M,1,PLUSHENKO Evgeni,   RUS,258.33,1,1,90.66,49.69,40.97,167.67,85.25,82.42,134.94,123.39,52.24%,1
2006,M,2,LAMBIEL Stephane,   SUI,231.21,3,4,79.04,40.61,38.43,152.17,76.89,76.28,117.5,114.71,50.60%,2
2006,M,3,BUTTLE Jeffrey,   CAN,227.59,6,2,73.29,37.01,37.28,154.3,76.8,78.5,113.81,115.78,49.57%,3
2006,M,4,LYSACEK Evan,   USA,220.13,10,3,67.55,33.8,34.75,152.58,78.24,74.34,112.04,109.09,50.67%,0
2006,M,5,WEIR Johnny,   USA,216.63,2,6,80,40.99,39.01,136.63,61.27,75.36,102.26,114.37,47.20%,0
2006,M,6,JOUBERT Brian,   FRA,212.89,4,7,77.77,40.59,37.18,135.12,62.54,73.58,103.13,110.76,48.22%,0
2006,M,7,SAVOIE Matthew,   USA,206.67,8,5,69.15,35.22,33.93,137.52,65.8,71.72,101.02,105.65,48.88%,0
2006,M,8,TAKAHASHI Daisuke,   JPN,204.89,5,9,73.77,38.45,35.32,131.12,58.82,73.3,97.27,108.62,47.24%,0
2006,M,9,VAN DER PERREN Kevin,   BEL,197.39,13,8,65.36,33.5,32.86,132.03,66.01,66.02,99.51,98.88,50.16%,0
2006,M,10,ZHANG Min,   CHN,196.27,11,11,67.39,36.29,31.1,128.88,65.16,63.72,101.45,94.82,51.69%,0
2006,M,11,KLIMKIN Ilia,   RUS,191.8,18,10,61.61,29.9,31.71,130.19,65.97,65.22,95.87,96.93,49.73%,0
2006,M,12,SAWYER Shawn,   CAN,190.83,12,12,67.2,35.02,32.18,123.63,55.13,68.5,90.15,100.68,47.24%,0
2006,M,13,SANDHU Emanuel,   CAN,190.24,7,14,69.75,33,37.75,120.49,52.27,70.22,85.27,107.97,44.13%,0
2006,M,14,CHIPER Gheorghe,   ROM,186.19,9,17,67.66,37.12,30.54,118.53,54.23,64.3,91.35,94.84,49.06%,0
2006,M,15,DAVYDOV Sergei,   BLR,184.59,14,16,64.65,35.58,29.07,119.94,59,60.94,94.58,90.01,51.24%,0
2006,M,16,LI Chengjiang,   CHN,182.21,21,13,60.23,30.55,30.68,121.98,66.04,56.94,96.59,87.62,52.43%,0
2006,M,17,DINEV Ivan,   BUL,180.11,15,18,63.64,34.29,29.35,116.47,57.97,58.5,92.26,87.85,51.22%,0
2006,M,18,VERNER Tomas,   CZE,180.07,22,15,59.71,30.25,29.46,120.36,63.14,57.22,93.39,86.68,51.86%,0
2006,M,19,DAMBIER Frederic,   FRA,177.59,19,19,61.17,30.48,31.69,116.42,55.92,62.5,86.4,94.19,47.84%,0
2006,M,20,KOVALEVSKI Anton,   UKR,172.84,16,21,63.41,33.95,29.46,109.43,53.93,57.5,87.88,86.96,50.26%,0
2006,M,21,LINDEMANN Stefan,   GER,172.57,20,20,60.52,27.94,32.58,112.05,51.05,62,78.99,94.58,45.51%,0
2006,M,22,PFEIFER Viktor,   AUT,163.87,17,23,62.17,34.28,27.89,101.7,45.26,57.44,79.54,85.33,48.24%,0
2006,M,23,BERNTSSON Kristoffer,   SWE,161.95,23,22,59.55,31.34,28.21,102.4,48.32,56.08,79.66,84.29,48.59%,0
2006,M,24,TOTH Zoltan,   HUN,145.47,24,24,55.07,29.67,25.4,90.4,42.2,50.2,71.87,75.6,48.74%,0
2006,M,FNR,ZELENKA Karel,   ITA,0,25,0,53.46,27.96,26.5,0,0,0,27.96,26.5,51.34%,0
2006,M,FNR,ZIVANOVIC Trifun,   SCG,0,26,0,53.4,29.44,23.96,0,0,0,29.44,23.96,55.13%,0
2006,M,FNR,OTHMAN Jamal,   SUI,0,27,0,52.18,24.46,27.72,0,0,0,24.46,27.72,46.88%,0
2006,M,FNR,MURVANIDZE Vakhtang,   GEO,0,28,0,49.68,24.32,26.36,0,0,0,24.32,26.36,47.99%,0
2006,M,FNR,URBAS Gregor,   SLO,0,29,0,46.48,20.28,26.2,0,0,0,20.28,26.2,43.63%,0
2006,M,FNR,HAN Jong In,   PRK,0,30,0,42.11,19.5,22.62,0,0,0,19.5,22.62,46.30%,0
2006,W,1,ARAKAWA Shizuka,   JPN,191.34,3,1,66.02,35.93,30.09,125.32,62.32,63,98.25,93.09,51.35%,1
2006,W,2,COHEN Sasha,   USA,183.36,1,2,66.73,35.33,31.4,116.63,55.22,62.41,90.55,93.81,49.12%,2
2006,W,3,SLUTSKAYA Irina,   RUS,181.44,2,3,66.7,36.21,30.49,114.74,53.87,61.87,90.08,92.36,49.38%,3
2006,W,4,SUGURI Fumie,   JPN,175.23,4,4,61.75,32.61,29.14,113.48,54.23,59.25,86.84,88.39,49.56%,0
2006,W,5,ROCHETTE Joannie,   CAN,167.27,9,5,55.85,28.87,26.98,111.42,55.29,56.13,84.16,83.11,50.31%,0
2006,W,6,MEISSNER Kimmie,   USA,165.71,5,6,59.4,34.2,25.2,106.31,52.77,53.54,86.97,78.74,52.48%,0
2006,W,7,HUGHES Emily,   USA,160.87,7,7,57.08,31.71,25.37,103.79,53.82,50.97,85.53,76.34,52.84%,0
2006,W,8,MEIER Sarah,   SUI,156.13,10,8,55.57,30.69,24.88,100.56,49.31,51.25,80,76.13,51.24%,0
2006,W,9,KOSTNER Carolina,   ITA,153.5,11,9,53.77,26.25,28.52,99.73,43.84,55.89,70.09,84.41,45.37%,0
2006,W,10,GEDEVANISHVILI Elene,   GEO,151.46,6,13,57.9,33.25,24.65,93.56,43.6,49.96,76.85,74.61,50.74%,0
2006,W,11,LIU Yan,   CHN,145.3,15,11,49.84,27.24,22.6,95.46,50.4,45.06,77.64,67.66,53.43%,0
2006,W,12,LEUNG Mira,   CAN,145.16,14,12,50.61,29.38,21.23,94.55,51.83,42.72,81.21,63.95,55.95%,0
2006,W,13,POYKIO Susanna,   FIN,143.22,12,15,53.74,28.43,25.31,89.48,40.54,49.94,68.97,75.25,47.82%,0
2006,W,14,SOKOLOVA Elena,   RUS,142.35,18,10,46.69,21.13,25.56,95.66,45.38,50.28,66.51,75.84,46.72%,0
2006,W,15,ANDO Miki,   JPN,140.2,8,16,56,29.12,26.88,84.2,35.69,50.51,64.81,77.39,45.58%,0
2006,W,16,KORPI Kiira,   FIN,137.2,20,14,44.84,23.84,21,92.36,48.84,43.52,72.68,64.52,52.97%,0
2006,W,17,LIASHENKO Elena,   UKR,134.08,13,18,52.35,27.47,24.88,81.73,36.01,45.72,63.48,70.6,47.34%,0
2006,W,18,SEBESTYEN Julia,   HUN,129.26,16,20,49.58,26.75,23.83,79.68,34.86,45.82,61.61,69.65,46.94%,0
2006,W,19,HEGEL Idora,   CRO,127.07,17,19,47.06,26.74,20.32,80.01,39.15,40.86,65.89,61.18,51.85%,0
2006,W,20,EFREMENKO Galina,   UKR,125.37,24,17,41.25,20.43,21.82,84.12,41.7,42.42,62.13,64.24,49.17%,0
2006,W,21,KARADEMIR Tugba,   TUR,123.64,22,21,44.2,25.7,18.5,79.44,42.64,36.8,68.34,55.3,55.27%,0
2006,W,22,FONTANA Silvia,   ITA,120.37,23,22,42.47,19.87,22.6,77.9,35.67,42.23,55.54,64.83,46.14%,0
2006,W,23,PAVUK Viktoria,   HUN,119.85,19,23,46.4,26.78,19.62,73.45,36.58,37.87,63.36,57.49,52.43%,0
2006,W,24,MAXWELL Fleur,   LUX,109.57,21,24,44.53,24.33,20.2,65.04,26.77,39.27,51.1,59.47,46.22%,0
2006,W,FNR,CARTER Joanne,   AUS,0,25,0,40.86,21.21,20.65,0,0,0,21.21,20.65,50.67%,0
2006,W,FNR,LUCA Roxana,   ROM,0,26,0,39.37,21.49,17.88,0,0,0,21.49,17.88,54.58%,0
2006,W,FNR,KIM Yong Suk,   PRK,0,27,0,39.16,19.37,19.79,0,0,0,19.37,19.79,49.46%,0
2006,W,FNR,GLEBOVA Elena,   EST,0,28,0,38.47,21.06,18.41,0,0,0,21.06,18.41,53.36%,0
2006,W,FNR,GIMAZETDINOVA Anastasia,   UZB,0,29,0,38.44,19.06,19.38,0,0,0,19.06,19.38,49.58%,0
